"The text introduces the policy, a section, or a group of practices, but it does not mention a specific practice.",38,"[(468, 0, 84), (799, 0, 82), (469, 1, 84), (800, 1, 82), (1807, 1, 88), (1809, 2, 88), (477, 7, 84), (827, 7, 82), (1821, 7, 88), (480, 10, 84), (830, 10, 82), (1827, 10, 88), (500, 16, 84), (910, 16, 82), (924, 22, 82), (925, 23, 82), (842, 28, 84), (942, 28, 82), (844, 30, 84), (954, 30, 82), (1941, 31, 88), (854, 32, 84), (973, 32, 82), (1942, 32, 88), (991, 38, 82), (1275, 38, 84), (992, 41, 82), (1279, 41, 84), (1288, 44, 84), (1382, 79, 84), (1209, 94, 82), (1411, 94, 84), (1211, 95, 82), (1414, 95, 84), (1218, 101, 82), (1421, 101, 84), (1220, 103, 82), (1423, 103, 84)]"
"The text describes how to contact the company with questions, concerns, or complaints about the privacy policy.",21,"[(943, 29, 82), (1937, 29, 88), (953, 30, 82), (1140, 69, 82), (1161, 77, 82), (2222, 77, 88), (2223, 78, 88), (1181, 84, 82), (1396, 84, 84), (1832, 84, 88), (1198, 88, 82), (1199, 89, 82), (1207, 91, 82), (2268, 91, 88), (1205, 92, 82), (1216, 99, 82), (1418, 99, 84), (1849, 99, 88), (1219, 102, 82), (1422, 102, 84), (1852, 102, 88)]"
The policy makes a statement about how data from children is treated.,14,"[(1192, 85, 82), (1397, 85, 84), (1833, 85, 88), (1194, 86, 82), (1398, 86, 84), (1834, 86, 88), (1195, 87, 82), (1399, 87, 84), (1837, 87, 88), (1197, 88, 82), (1400, 88, 84), (2255, 88, 88), (1200, 89, 82), (1401, 89, 84)]"
"The policy makes generic security statements, e.g., ""we protect your data"" or ""we use technology/encryption to protect your data"".",13,"[(470, 2, 84), (801, 2, 82), (478, 8, 84), (828, 8, 82), (1822, 8, 88), (1067, 52, 82), (1310, 52, 84), (1137, 67, 82), (1356, 67, 84), (1829, 67, 88), (1138, 68, 82), (1358, 68, 84), (1831, 68, 88)]"
The text describes a specific data practice that is not covered by our label scheme.,12,"[(823, 5, 82), (1899, 19, 88), (1828, 41, 88), (2131, 55, 88), (2153, 60, 88), (2170, 62, 88), (1128, 65, 82), (2206, 66, 88), (2257, 94, 88), (2258, 95, 88), (1416, 97, 84), (1215, 98, 82)]"
A user with an account can use privacy configuration settings (in the website or app) to control the use of unspecified information by an unspecified party for marketing purposes.,7,"[(1143, 71, 82), (1371, 71, 84), (2219, 71, 88), (1146, 72, 82), (2225, 72, 88), (1153, 73, 82), (2227, 73, 88)]"
A user without an account can opt out (via a link) from the use of unspecified information by an unspecified party for marketing purposes.,7,"[(1144, 71, 82), (1364, 71, 84), (2220, 71, 88), (1149, 72, 82), (2226, 72, 88), (1154, 73, 82), (2228, 73, 88)]"
You can opt out (via a link) from the use of unspecified information by an unspecified party for marketing purposes.,7,"[(1141, 69, 82), (2215, 69, 88), (1139, 70, 82), (2217, 70, 88), (1156, 74, 82), (2230, 74, 88), (1159, 76, 82)]"
"A user can edit their information, within the scope of information the company has learned about the user.",6,"[(2235, 76, 88), (2253, 81, 88), (2252, 82, 88), (1191, 83, 82), (2254, 83, 88), (2266, 91, 88)]"
The text does not fit into our label scheme.,6,"[(920, 21, 82), (1021, 41, 82), (1034, 44, 82), (1165, 79, 82), (1180, 81, 82), (1213, 97, 82)]"
"The policy makes specific provisions for international audiences, non-US citizens, or non-European citizens (e.g., about international data transfer).",5,"[(1212, 96, 82), (1415, 96, 84), (1846, 96, 88), (1847, 97, 88), (1420, 100, 84)]"
A named third party does receive your unspecified personal information for a basic service or feature.,5,"[(504, 19, 84), (505, 20, 84), (918, 20, 82), (1097, 56, 82), (1123, 64, 82)]"
"The policy makes a statement about how data from European users is treated (e.g., Safe Harbor provisions).",5,"[(1214, 98, 82), (2259, 98, 88), (1217, 100, 82), (1419, 100, 84), (1850, 100, 88)]"
The site collects your generic personal information for an additional (non-basic) service or feature. Collection happens when you explicitly provide information in an unspecified way.,4,"[(499, 15, 84), (912, 15, 82), (835, 24, 84), (928, 24, 82)]"
"You can use privacy configuration settings (in your browser or on your device) to control the use of cookies and tracking elements by a third party, which collects or receives it for an unspecified purpose.",4,"[(1008, 39, 82), (1276, 39, 84), (1171, 80, 82), (1385, 80, 84)]"
The site collects your generic personal information for a basic service or feature. Collection happens in an unspecified way.,4,"[(901, 12, 82), (1065, 50, 82), (1068, 51, 82), (1304, 51, 84)]"
The site collects your generic personal information for marketing purposes. Collection happens in an unspecified way.,3,"[(492, 13, 84), (1071, 51, 82), (1305, 51, 84)]"
The website ignores Do Not Track headers and the user's Do Not Track preference.,3,"[(1208, 93, 82), (1408, 93, 84), (1844, 93, 88)]"
"A user's generic personal information is retained for an unspecified duration to perform a requested service, and then it is deleted..",3,"[(916, 18, 82), (1062, 49, 82), (1174, 81, 82)]"
The site collects your generic personal information for an additional (non-basic) service or feature. Collection happens in an unspecified way.,3,"[(902, 12, 82), (1070, 51, 82), (1308, 51, 84)]"
The site collects your generic personal information for a basic service or feature. Collection happens when you explicitly provide information in an unspecified way.,3,"[(496, 15, 84), (911, 15, 82), (913, 17, 82)]"
You can opt out (by contacting the company) from the use of unspecified information by an unspecified party for marketing purposes.,3,"[(2216, 69, 88), (1157, 74, 82), (1162, 77, 82)]"
"The policy makes a statement about how data from Californian users is treated (e.g., California privacy rights).",3,"[(1204, 92, 82), (1407, 92, 84), (1842, 92, 88)]"
An unnamed third party does receive your activities on the website or app for an additional (non-basic) service or feature. You can opt in for data collection.,3,"[(933, 25, 82), (1320, 59, 84), (2181, 59, 88)]"
"When a change of an unspecified nature is made to the privacy policy, users are notified in an unspecified manner. Users' choices regarding policy changes are not mentioned or are unclear.",3,"[(471, 3, 84), (802, 3, 82), (473, 5, 84)]"
An unnamed third party does receive your unspecified personal information for mergers or acquisitions.,3,"[(1075, 53, 82), (1126, 65, 82), (1349, 65, 84)]"
"A user can edit their information, within the scope of unspecified user information.",3,"[(1376, 76, 84), (1176, 81, 82), (1406, 91, 84)]"
A named third party does receive your unspecified personal information for marketing purposes.,3,"[(1314, 55, 84), (1099, 56, 82), (1316, 56, 84)]"
"Data transfer between user and website/app is encrypted, e.g., SSL, TLS, HTTPS.",3,"[(1136, 67, 82), (1357, 67, 84), (1830, 67, 88)]"
The site collects your IP address or device IDs for an unspecified purpose. Collection happens when you implicitly provide information in the mobile app.,3,"[(1023, 42, 82), (1282, 42, 84), (2057, 45, 88)]"
"The site collects your generic personal information for an additional (non-basic) service or feature. Collection happens when you explicitly provide information on the website, and your data is identifiable. You can opt in for data collection.",3,"[(1915, 22, 88), (1920, 23, 88), (1933, 27, 88)]"
An unnamed third party does receive your unspecified personal information for a basic service or feature.,3,"[(1104, 57, 82), (1107, 58, 82), (1112, 60, 82)]"
An unnamed third party does receive your unspecified personal information for an unspecified purpose.,3,"[(1319, 58, 84), (1116, 62, 82), (1118, 63, 82)]"
"A user can edit their information, within the scope of information explicitly provided by the user.",3,"[(1160, 76, 82), (1179, 81, 82), (1190, 83, 82)]"
Another part of the company or institution does receive your unspecified personal information for an unspecified purpose.,3,"[(1076, 54, 82), (1313, 54, 84), (1318, 57, 84)]"
An unnamed third party does receive your contact information for an additional (non-basic) service or feature. You can opt in for data collection.,3,"[(1109, 59, 82), (1321, 59, 84), (2178, 59, 88)]"
The site collects your location information for an unspecified purpose. Collection happens when you implicitly provide information in an unspecified way.,3,"[(485, 11, 84), (849, 31, 84), (1289, 45, 84)]"
"A user's unspecified information is retained for a limited (but unspecified) period of time to meet legal or law enforcement requirements, and then it is deleted..",2,"[(1402, 90, 84), (1839, 90, 88)]"
"A user can view their information, within the scope of unspecified user information.",2,"[(1175, 81, 82), (1405, 91, 84)]"
"A user without an account can opt out (via a link) from the use of unspecified information by the site, which uses it for marketing purposes.",2,"[(1366, 72, 84), (1368, 73, 84)]"
The site collects your generic personal information for personalization or customization. Collection happens in an unspecified way.,2,"[(1072, 51, 82), (1303, 51, 84)]"
A named third party does collect on the first party website or app your unspecified personal information for an unspecified purpose.,2,"[(1210, 94, 82), (1412, 94, 84)]"
The site collects your computer information for an unspecified purpose. Collection happens when you implicitly provide information in an unspecified way.,2,"[(850, 31, 84), (1290, 45, 84)]"
You can opt out (by contacting the company) from the use of unspecified information by an unspecified party for an additional (non-basic) service or feature.,2,"[(2236, 77, 88), (2237, 78, 88)]"
A specific security measure not covered above.,2,"[(1101, 57, 82), (1105, 58, 82)]"
"A user can access, edit, or delete personal information in a manner not covered by our label scheme, within the scope of unspecified user information.",2,"[(1178, 81, 82), (1206, 91, 82)]"
The site collects your generic personal information for service operations or security. Collection happens in an unspecified way.,2,"[(1073, 51, 82), (1309, 51, 84)]"
An unnamed third party does receive unspecified information about you for mergers or acquisitions.,2,"[(1312, 53, 84), (2123, 53, 88)]"
An unnamed third party does collect on the first party website or app your cookies or tracking elements for targeted advertising. You can opt out using the provided link.,2,"[(1017, 40, 82), (1278, 40, 84)]"
The site collects your IP address or device IDs for analytics or research. Collection happens when you implicitly provide information on the website.,2,"[(855, 33, 84), (974, 33, 82)]"
The site collects your social media data for an unspecified purpose. Collection happens when you implicitly provide information in an unspecified way.,2,"[(846, 31, 84), (971, 31, 82)]"
"The company/organization has a privacy or security program/organization in place addressing, for example, how to protect data against unauthorized access or privacy training for employees.",2,"[(919, 20, 82), (2260, 98, 88)]"
"The site collects your generic personal information for service operations or security. Collection happens on the website, and your data is identifiable.",2,"[(1872, 12, 88), (2119, 51, 88)]"
The site collects your generic personal information for marketing purposes. Collection happens when you explicitly provide information in an unspecified way.,2,"[(841, 27, 84), (940, 27, 82)]"
The site collects your financial information for a basic service or feature. Collection happens when you explicitly provide information in an unspecified way.,2,"[(839, 26, 84), (929, 26, 82)]"
An unnamed third party does collect on the first party website or app your location information for marketing purposes.,2,"[(1032, 43, 82), (1285, 43, 84)]"
An unnamed third party does track on the first party website or app your cookies or tracking elements for analytics or research.,2,"[(985, 34, 82), (997, 37, 82)]"
You can use privacy configuration settings (in your browser or on your device) to control the use of cookies and tracking elements by an unspecified party for an unspecified purpose.,2,"[(986, 35, 82), (2244, 80, 88)]"
The site collects your generic personal information for analytics or research. Collection happens in an unspecified way.,2,"[(1069, 51, 82), (1307, 51, 84)]"
The site collects your cookies or tracking elements for an unspecified purpose. Collection happens when you implicitly provide information in an unspecified way.,2,"[(845, 31, 84), (958, 31, 82)]"
The site collects your location information for marketing purposes. Collection happens when you implicitly provide information in the mobile app.,2,"[(1028, 43, 82), (1287, 43, 84)]"
"The site collects your social media data for an additional (non-basic) service or feature. Collection happens when you explicitly provide information in the mobile app, and your data is identifiable. You can opt in for data collection.",2,"[(1914, 21, 88), (1926, 25, 88)]"
The site collects your generic personal information for a basic service or feature. Collection happens when you explicitly provide information in an unspecified way for users with accounts.,2,"[(497, 15, 84), (914, 18, 82)]"
You can opt out (by contacting the company) from the use of unspecified information by an unspecified party for an unspecified purpose.,2,"[(1377, 77, 84), (1164, 78, 82)]"
The site collects your social media data for an unspecified purpose. Collection happens when you implicitly provide information by a named service or third party.,2,"[(1292, 46, 84), (2062, 46, 88)]"
"When a change is made to the privacy policy that significantly affects data practices, users are personally notified. Users' choices regarding policy changes are not mentioned or are unclear.",2,"[(474, 6, 84), (824, 6, 82)]"
The site collects your website activities for an unspecified purpose. Collection happens when you implicitly provide information in the mobile app.,2,"[(1281, 42, 84), (2058, 45, 88)]"
"A user with an account can use privacy configuration settings (in the website or app) to control the use of unspecified information by the site, which uses it for marketing purposes.",2,"[(1370, 72, 84), (1367, 73, 84)]"
The site collects your generic personal information for an unspecified purpose. Collection happens when you implicitly provide information in an unspecified way.,2,"[(472, 4, 84), (834, 23, 84)]"
The site collects your generic personal information for advertising. Collection happens in an unspecified way.,2,"[(1074, 51, 82), (1306, 51, 84)]"
A named third party does receive unspecified information about you for a basic service or feature.,2,"[(1341, 60, 84), (1348, 64, 84)]"
The site collects your IP address or device IDs for an unspecified purpose. Collection happens when you implicitly provide information in an unspecified way.,2,"[(848, 31, 84), (959, 31, 82)]"
"You can opt out (by contacting the company) from the use of generic personal information by the site, which uses it for marketing purposes.",2,"[(1404, 91, 84), (2263, 91, 88)]"
A named third party does receive unspecified information about you for an unspecified purpose.,2,"[(1345, 62, 84), (1346, 63, 84)]"
An unnamed third party does receive your financial information for an additional (non-basic) service or feature. You can opt in for data collection.,2,"[(1110, 59, 82), (1322, 59, 84)]"
The site collects your website activities for an unspecified purpose. Collection happens when you implicitly provide information in an unspecified way.,2,"[(484, 11, 84), (1291, 45, 84)]"
The site collects your computer information for an unspecified purpose. Collection happens when you implicitly provide information in the mobile app.,2,"[(1025, 42, 82), (1280, 42, 84)]"
"When a change of an unspecified nature is made to the privacy policy, the policy date is updated or information about the change is posted as part of the policy. Users' choices regarding policy changes are not mentioned or are unclear.",2,"[(1806, 0, 88), (1812, 3, 88)]"
The site collects your website activities for a basic service or feature. Collection happens when you implicitly provide information on the website.,2,"[(856, 33, 84), (977, 33, 82)]"
"Users with accounts can view their information, within the scope of information the company has learned about the user.",2,"[(1389, 82, 84), (1394, 83, 84)]"
"A user's unspecified information is retained for a limited (but unspecified) period of time to perform a requested service, and then it is deleted..",2,"[(1403, 90, 84), (1841, 90, 88)]"
The site collects your website activities for an unspecified purpose. Collection happens when you implicitly provide information on the website.,2,"[(493, 14, 84), (2061, 45, 88)]"
"You can opt out (via a link) from the use of unspecified information by the site, which uses it for marketing purposes.",2,"[(1362, 70, 84), (1372, 74, 84)]"
An unnamed third party does collect on the first party website or app your IP address or device IDs for targeted advertising. You can opt out using the provided link.,2,"[(1013, 40, 82), (1277, 40, 84)]"
"When a change is made to the privacy policy that significantly affects data practices, users are notified when visiting the website. Users' choices regarding policy changes are not mentioned or are unclear.",2,"[(475, 6, 84), (825, 6, 82)]"
"Users with accounts can edit their information, within the scope of information the company has learned about the user.",2,"[(1393, 82, 84), (1395, 83, 84)]"
"You can use third party privacy settings to control the use of unspecified information by a third party, which uses it for marketing purposes.",1,"[(1355, 66, 84)]"
The site collects your IP address or device IDs for service operations or security. Collection happens when you implicitly provide information by an unnamed service or third party.,1,"[(1944, 33, 88)]"
"The site collects your generic personal information for a basic service or feature. Collection happens on the website, and your data is identifiable.",1,"[(2105, 51, 88)]"
"A user can delete their account (although the company or organization may continue to keep some data), within the scope of transactional data (e.g., online activity, purchases).",1,"[(1201, 89, 82)]"
An unnamed third party does receive your IP address or device IDs for a basic service or feature.,1,"[(1130, 66, 82)]"
A named third party does receive your IP address or device IDs for an unspecified purpose.,1,"[(1354, 66, 84)]"
You can use third party privacy settings to control the use of cookies and tracking elements by an unspecified party for advertising.,1,"[(1410, 93, 84)]"
An unnamed third party does receive your unspecified personal information for legal requirements.,1,"[(1113, 61, 82)]"
A named third party does receive your contact information for an unspecified purpose.,1,"[(1353, 66, 84)]"
A named third party does track on the first party website or app your cookies or tracking elements for an unspecified purpose. You can configure your privacy with browser settings.,1,"[(1996, 39, 88)]"
The site collects your website activities for a basic service or feature. Collection happens in an unspecified way.,1,"[(900, 11, 82)]"
The site collects your unspecified information for an unspecified purpose. Collection happens when you implicitly provide information by an unnamed service or third party.,1,"[(970, 31, 82)]"
The site collects your website activities for an unspecified purpose. Collection happens when you implicitly provide information by a named service or third party.,1,"[(2098, 50, 88)]"
The site collects your generic personal information for an unspecified purpose. Collection happens when you implicitly provide information in an unspecified way. You can opt in for data collection.,1,"[(833, 23, 84)]"
"When a change is made to the privacy policy that significantly affects data practices, users are notified in a manner outside of our label scheme. Users' choices regarding policy changes are not mentioned or are unclear.",1,"[(826, 6, 82)]"
You can choose not to use a service or feature to avoid the use of unspecified information by an unspecified party for an unspecified purpose.,1,"[(1816, 4, 88)]"
The site collects your cookies or tracking elements for marketing purposes. Collection happens when you implicitly provide information on the website.,1,"[(1948, 34, 88)]"
"Users with accounts can edit their information, within the scope of unspecified user information.",1,"[(1391, 81, 84)]"
The site collects your location information for an unspecified purpose. Collection happens on the website.,1,"[(1036, 45, 82)]"
"Users with accounts can delete their account (with the company or organization removing all data), within the scope of unspecified user information.",1,"[(1392, 81, 84)]"
"You can use third party privacy settings to control the use of unspecified information by a third party, which uses it for an unspecified purpose.",1,"[(1374, 75, 84)]"
"A type of user outside of our label scheme can edit their information, within the scope of user information outside of our label scheme.",1,"[(2256, 88, 88)]"
The site collects your generic personal information for an unspecified purpose. Collection happens in an unspecified way for a user type outside of our label scheme. You can opt in for data collection for the collection and use of your information.,1,"[(1196, 87, 82)]"
You can use privacy configuration settings (in the website or app) to control the use of unspecified information by an unspecified party for service operations or security.,1,"[(2232, 75, 88)]"
The site collects your generic personal information for an unspecified purpose. Collection happens when you explicitly provide information in an unspecified way.,1,"[(501, 17, 84)]"
An unnamed third party does do something outside of our label scheme with your computer information for targeted advertising. You can opt out using the provided link.,1,"[(1019, 40, 82)]"
An unnamed third party does collect on the first party website or app your location information for a basic service or feature.,1,"[(1031, 43, 82)]"
Another part of the company or institution does receive your unspecified personal information for marketing purposes. The data is personally identifiable. You can opt in for data collection.,1,"[(2135, 55, 88)]"
The site collects your cookies or tracking elements for an unspecified purpose. Collection happens when you implicitly provide information on the website. You can configure your privacy with browser settings.,1,"[(1961, 35, 88)]"
"A user without an account can opt out (by contacting the company) from the use of unspecified information by the site, which uses it for marketing purposes.",1,"[(1369, 73, 84)]"
The site collects your social media data for an unspecified purpose. Collection happens when you explicitly provide information in the mobile app.,1,"[(932, 25, 82)]"
The site collects your generic personal information for personalization or customization. Collection happens when you explicitly provide information in an unspecified way.,1,"[(509, 22, 84)]"
The site collects your cookies or tracking elements for personalization or customization. Collection happens on the website.,1,"[(978, 34, 82)]"
"The site collects your financial information for an unspecified purpose. Collection happens on the website, and your data is identifiable.",1,"[(1861, 11, 88)]"
The site collects your website activities for marketing purposes. Collection happens when you implicitly provide information by other parts of the company or affiliates.,1,"[(1974, 36, 88)]"
An unnamed third party does receive your location information for an additional (non-basic) service or feature. You can opt in for data collection.,1,"[(935, 25, 82)]"
An unnamed third party does track on the first party website or app your cookies or tracking elements for an additional (non-basic) service or feature.,1,"[(983, 34, 82)]"
The site collects your social media data for a basic service or feature. Collection happens when you explicitly provide information by an unnamed service or third party.,1,"[(923, 21, 82)]"
"When a change is made to the privacy policy that significantly affects data practices, users are notified in an unspecified manner. Users' choices regarding policy changes are not mentioned or are unclear.",1,"[(476, 6, 84)]"
"The site collects your generic personal information for marketing purposes. Collection happens when you explicitly provide information on the website, and your data is identifiable. You can opt in for data collection.",1,"[(1923, 24, 88)]"
A user without an account can make a choice about your privacy not described by our label scheme the use of unspecified information by an unspecified party for marketing purposes.,1,"[(1155, 73, 82)]"
The site collects your IP address or device IDs for a basic service or feature. Collection happens when you implicitly provide information on the website.,1,"[(975, 33, 82)]"
An unnamed third party does receive your unspecified personal information for mergers or acquisitions. The data is personally identifiable.,1,"[(2192, 65, 88)]"
"The site collects your generic personal information for a basic service or feature. Collection happens when you implicitly provide information by a named service or third party, and your data is identifiable.",1,"[(2091, 49, 88)]"
An unnamed third party does collect on the first party website or app your location information for personalization or customization.,1,"[(1286, 43, 84)]"
The site collects your website activities for an unspecified purpose. Collection happens on the website.,1,"[(1038, 45, 82)]"
"When a change of an unspecified nature is made to the privacy policy, users are notified in an unspecified manner. Users can participate in a process to influence the change.",1,"[(1817, 5, 88)]"
An unnamed third party does receive your IP address or device IDs for a basic service or feature. The data is personally identifiable.,1,"[(2212, 66, 88)]"
The site collects your demographic information for marketing purposes. Collection happens when you implicitly provide information in an unspecified way.,1,"[(1296, 47, 84)]"
"The site collects your generic personal information for advertising. Collection happens on the website, and your data is identifiable.",1,"[(2117, 51, 88)]"
The site collects your financial information for an unspecified purpose. Collection happens when you implicitly provide information in an unspecified way.,1,"[(487, 11, 84)]"
"You can choose not to use a service or feature to avoid the use of generic personal information by a third party, which collects or receives it for an unspecified purpose.",1,"[(817, 4, 82)]"
"You can opt out (by contacting the company) from the use of cookies and tracking elements by a third party, which collects or receives it for an unspecified purpose.",1,"[(1170, 80, 82)]"
An unnamed third party does track on the first party website or app your IP address or device IDs for targeted advertising. You can configure your privacy with third-party user settings.,1,"[(2012, 40, 88)]"
A named third party does receive your unspecified personal information for an additional (non-basic) service or feature. The data is personally identifiable.,1,"[(2141, 56, 88)]"
An unnamed third party does collect on the first party website or app your cookies or tracking elements for marketing purposes.,1,"[(1957, 34, 88)]"
Another part of the company or institution does collect on the first party website or app your unspecified personal information for an additional (non-basic) service or feature. The data is personally identifiable. You can opt in for data collection.,1,"[(1902, 19, 88)]"
The site collects your cookies or tracking elements for analytics or research. Collection happens when you implicitly provide information on the website.,1,"[(1951, 34, 88)]"
"The site collects your generic personal information for analytics or research. Collection happens on the website, and your data is identifiable.",1,"[(2109, 51, 88)]"
"The site collects your generic personal information for marketing purposes. Collection happens on the website, and your data is identifiable. You can opt out using the provided link.",1,"[(1874, 13, 88)]"
"You can use privacy configuration settings (in your browser or on your device) to control the use of unspecified information by a third party, which collects or receives it for an unspecified purpose.",1,"[(1383, 80, 84)]"
The site collects your contact information for service operations or security. Collection happens by an unnamed service or third party.,1,"[(1050, 47, 82)]"
The site collects your generic personal information for an unspecified purpose. Collection happens when you implicitly provide information by an unnamed service or third party.,1,"[(1299, 48, 84)]"
An unnamed third party does receive your unspecified personal information for legal requirements. The data is personally identifiable.,1,"[(2151, 61, 88)]"
The site collects your social media data for marketing purposes. Collection happens when you explicitly provide information by a named service or third party. You can opt in for data collection.,1,"[(508, 21, 84)]"
"The site collects your financial information for a basic service or feature. Collection happens when you explicitly provide information on the website, and your data is identifiable. You can choose not to use the service or feature.",1,"[(1931, 26, 88)]"
An unnamed third party does collect on the first party website or app your cookies or tracking elements for analytics or research.,1,"[(1959, 34, 88)]"
The site collects your unspecified information for an additional (non-basic) service or feature. Collection happens when you implicitly provide information by a named service or third party.,1,"[(1302, 50, 84)]"
The site collects your contact information for marketing purposes. Collection happens when you implicitly provide information in an unspecified way.,1,"[(506, 21, 84)]"
An unnamed third party does receive your financial information for mergers or acquisitions.,1,"[(1350, 65, 84)]"
An unnamed third party does track on the first party website or app unspecified information about you for analytics or research.,1,"[(1266, 34, 84)]"
A user's unspecified information is retained for an unspecified duration to fulfill an unspecified purpose.,1,"[(2247, 81, 88)]"
The site collects an information type outside of our label scheme for an additional (non-basic) service or feature. Collection happens when you explicitly provide information by some means outside of our label scheme. You can choose not to use the service or feature.,1,"[(1936, 28, 88)]"
A named third party does receive your IP address or device IDs for a basic service or feature. You can opt out by contacting the company.,1,"[(1135, 66, 82)]"
Other users does receive your contact information for an additional (non-basic) service or feature. You can opt out by contacting the company.,1,"[(1940, 30, 88)]"
An unnamed third party does track on the first party website or app your cookies or tracking elements for marketing purposes.,1,"[(984, 34, 82)]"
The site collects your website activities for analytics or research. Collection happens when you implicitly provide information on the website.,1,"[(976, 33, 82)]"
"You can opt out (by contacting the company) from the use of unspecified information by a third party, which uses it for an unspecified purpose.",1,"[(1378, 78, 84)]"
"Users with accounts can view their information, within the scope of unspecified user information.",1,"[(1390, 81, 84)]"
The site collects your social media data for a basic service or feature. Collection happens when you explicitly provide information on the website.,1,"[(921, 21, 82)]"
Another part of the company or institution does receive your unspecified personal information for an additional (non-basic) service or feature. The data is personally identifiable. You can opt in for data collection.,1,"[(1907, 20, 88)]"
"The site collects your website activities for an unspecified purpose. Collection happens when you implicitly provide information on the website, and your data is identifiable.",1,"[(1867, 11, 88)]"
A named third party does receive your unspecified personal information for an additional (non-basic) service or feature.,1,"[(1098, 56, 82)]"
"When a change is made to the privacy policy that significantly affects data practices, users are notified when visiting the website. Users can participate in a process to influence the change.",1,"[(1820, 6, 88)]"
An unnamed third party does track on the first party website or app unspecified information about you for marketing purposes.,1,"[(1267, 34, 84)]"
The site collects your cookies or tracking elements for a basic service or feature. Collection happens when you implicitly provide information on the website.,1,"[(857, 33, 84)]"
The site collects your IP address or device IDs for an unspecified purpose. Collection happens when you implicitly provide information on the website.,1,"[(2059, 45, 88)]"
"The site collects your generic personal information for marketing purposes. Collection happens when you implicitly provide information in an unspecified way, and your data is identifiable.",1,"[(1270, 36, 84)]"
An unnamed third party does do something outside of our label scheme with your IP address or device IDs for targeted advertising. You can opt out using the provided link.,1,"[(1018, 40, 82)]"
Another part of the company or institution does collect on the first party website or app your financial information for an additional (non-basic) service or feature. The data is personally identifiable. You can opt in for data collection.,1,"[(1903, 19, 88)]"
"You can make a choice about your privacy not described by our label scheme the use of cookies and tracking elements by a third party, which collects or receives it for advertising.",1,"[(2243, 80, 88)]"
The site collects your generic personal information for an unspecified purpose. Collection happens when you explicitly provide information on the website for users with accounts.,1,"[(502, 18, 84)]"
The site collects your generic personal information for marketing purposes. Collection happens in an unspecified way. You can opt out by contacting the company.,1,"[(905, 13, 82)]"
The site collects your user profile for an additional (non-basic) service or feature. Collection happens when you implicitly provide information in an unspecified way. You can opt out by contacting the company.,1,"[(843, 29, 84)]"
You can make a choice about your privacy not described by our label scheme the use of unspecified information by an unspecified party for marketing purposes.,1,"[(1158, 75, 82)]"
An unnamed third party does not collect on the first party website or app your contact information for a basic service or feature. The data is personally identifiable.,1,"[(1004, 37, 82)]"
The site collects your contact information for an unspecified purpose. Collection happens when you implicitly provide information in an unspecified way.,1,"[(486, 11, 84)]"
"You can make a choice about your privacy not described by our label scheme the use of cookies and tracking elements by a third party, which collects or receives it for analytics or research.",1,"[(2241, 80, 88)]"
The site collects your unspecified information for an unspecified purpose. Collection happens when you implicitly provide information by a named service or third party.,1,"[(1301, 49, 84)]"
The site collects your demographic information for analytics or research. Collection happens when you implicitly provide information in an unspecified way.,1,"[(1295, 47, 84)]"
"The site collects your contact information for analytics or research. Collection happens when you implicitly provide information on the website, and your data is identifiable.",1,"[(2069, 47, 88)]"
The site collects your cookies or tracking elements for an additional (non-basic) service or feature. Collection happens on the website.,1,"[(979, 34, 82)]"
The site collects your computer information for an unspecified purpose. Collection happens when you implicitly provide information by other parts of the company or affiliates.,1,"[(852, 31, 84)]"
"Data is stored securely, e.g. in an encrypted format or database.",1,"[(1906, 20, 88)]"
A named third party does collect on the first party website or app your activities on the website or app for personalization or customization.,1,"[(1989, 37, 88)]"
The site collects something that uniquely identifies you for an unspecified purpose. Collection happens when you implicitly provide information in an unspecified way.,1,"[(488, 11, 84)]"
"Users with accounts can view their information, within the scope of information explicitly provided by the user.",1,"[(1183, 82, 82)]"
The site collects your generic personal information for a basic service or feature. Collection happens when you explicitly provide information in the mobile app.,1,"[(927, 23, 82)]"
An unnamed third party does collect on the first party website or app your IP address or device IDs for targeted advertising. You can configure your privacy with third-party user settings.,1,"[(2009, 40, 88)]"
The site collects your generic personal information for a basic service or feature. Collection happens when you explicitly provide information on the website for users with accounts.,1,"[(503, 18, 84)]"
An unnamed third party does not do something outside of our label scheme with your unspecified personal information for an unspecified purpose.,1,"[(1066, 52, 82)]"
An unnamed third party does receive your financial information for a basic service or feature.,1,"[(1111, 60, 82)]"
A named third party does receive your activities on the website or app for personalization or customization.,1,"[(1347, 64, 84)]"
"The site collects your cookies or tracking elements for marketing purposes. Collection happens when you implicitly provide information on the website, and your data is identifiable.",1,"[(1970, 36, 88)]"
The site collects your cookies or tracking elements for marketing purposes. Collection happens on the website.,1,"[(980, 34, 82)]"
An unspecified third party does not receive your unspecified personal information for an unspecified purpose.,1,"[(479, 9, 84)]"
"The site collects your generic personal information for advertising. Collection happens when you implicitly provide information in an unspecified way, and your data is identifiable.",1,"[(1269, 36, 84)]"
An unnamed third party does collect on the first party website or app your cookies or tracking elements for personalization or customization.,1,"[(1954, 34, 88)]"
The site collects an information type outside of our label scheme for marketing purposes. Collection happens when you implicitly provide information in an unspecified way.,1,"[(507, 21, 84)]"
"The site collects your generic personal information for an additional (non-basic) service or feature. Collection happens when you explicitly provide information on the website, and your data is identifiable. You can choose not to use the service or feature.",1,"[(1889, 15, 88)]"
"Users with accounts can edit their information, within the scope of information explicitly provided by the user.",1,"[(1184, 82, 82)]"
The site collects your cookies or tracking elements for analytics or research. Collection happens when you implicitly provide information in an unspecified way.,1,"[(907, 14, 82)]"
"A user's generic personal information is retained for a limited (but unspecified) period of time to meet legal or law enforcement requirements, and then it is deleted..",1,"[(1202, 90, 82)]"
A user without an account can opt out (by contacting the company) from the use of unspecified information by an unspecified party for marketing purposes.,1,"[(2229, 73, 88)]"
A named third party does receive your unspecified personal information for legal requirements.,1,"[(1343, 61, 84)]"
A user's activities on the website or app is retained for an unspecified duration to fulfill an unspecified purpose.,1,"[(2276, 89, 88)]"
The site collects your location information for an unspecified purpose. Collection happens when you implicitly provide information in the mobile app.,1,"[(2056, 45, 88)]"
"The site collects your location information for an unspecified purpose. Collection happens when you implicitly provide information on the website, and your data is identifiable.",1,"[(1868, 11, 88)]"
Another part of the company or institution does receive your unspecified personal information for an unspecified purpose. The data is personally identifiable.,1,"[(2128, 54, 88)]"
"The site collects your generic personal information for an unspecified purpose. Collection happens when you explicitly provide information by a named service or third party, and your data is identifiable.",1,"[(2081, 48, 88)]"
The site collects your contact information for marketing purposes. Collection happens by an unnamed service or third party.,1,"[(1049, 47, 82)]"
"The site collects your generic personal information for an additional (non-basic) service or feature. Collection happens when you explicitly provide information in the mobile app, and your data is identifiable. You can opt in for data collection.",1,"[(1921, 23, 88)]"
The site collects your demographic information for service operations or security. Collection happens when you implicitly provide information in an unspecified way.,1,"[(1294, 47, 84)]"
"The site collects your contact information for an unspecified purpose. Collection happens in an unspecified way, and your data is identifiable.",1,"[(896, 11, 82)]"
"You can make a choice about your privacy not described by our label scheme the use of cookies and tracking elements by the site, which collects it for an unspecified purpose.",1,"[(2239, 80, 88)]"
An unnamed third party does not collect on the first party website or app your financial information for a basic service or feature. The data is personally identifiable.,1,"[(1002, 37, 82)]"
An unnamed third party does not collect on the first party website or app your financial information for personalization or customization.,1,"[(1273, 37, 84)]"
"The site collects your financial information for an unspecified purpose. Collection happens in an unspecified way, and your data is identifiable.",1,"[(897, 11, 82)]"
"The site collects your generic personal information for a basic service or feature. Collection happens when you explicitly provide information on the website, and your data is identifiable. You can choose not to use the service or feature.",1,"[(1891, 17, 88)]"
The site collects your unspecified information for an unspecified purpose. Collection happens when you implicitly provide information by other parts of the company or affiliates.,1,"[(969, 31, 82)]"
The site collects your IP address or device IDs for analytics or research. Collection happens when you implicitly provide information in an unspecified way.,1,"[(906, 14, 82)]"
"The site collects your generic personal information for an additional (non-basic) service or feature. Collection happens by a named service or third party, and your data's identifiability is not covered by our label scheme.",1,"[(1063, 49, 82)]"
Another part of the company or institution does receive unspecified information about you for an unspecified purpose.,1,"[(2195, 63, 88)]"
The site collects your website activities for an unspecified purpose. Collection happens when you implicitly provide information by an unnamed service or third party.,1,"[(2100, 50, 88)]"
The site collects your generic personal information for an unspecified purpose. Collection happens in the mobile app.,1,"[(1121, 64, 82)]"
The site collects your IP address or device IDs for an unspecified purpose. Collection happens on the website.,1,"[(1037, 45, 82)]"
The site collects your location information for an unspecified purpose. Collection happens when you implicitly provide information on the website.,1,"[(2054, 45, 88)]"
The site collects your user profile for an additional (non-basic) service or feature. Collection happens when you explicitly provide information in an unspecified way for users with accounts.,1,"[(915, 18, 82)]"
"A user can view their information, within the scope of information explicitly provided by the user.",1,"[(1189, 83, 82)]"
The site collects your unspecified information for an unspecified purpose. Collection happens when you implicitly provide information in an unspecified way. You can configure your privacy with browser settings.,1,"[(1268, 35, 84)]"
The site collects your computer information for an unspecified purpose. Collection happens when you implicitly provide information on the website.,1,"[(494, 14, 84)]"
The site collects your social media data for an unspecified purpose. Collection happens when you explicitly provide information by an unnamed service or third party.,1,"[(930, 25, 82)]"
The site collects your unspecified information for a basic service or feature. Collection happens when you implicitly provide information by a named service or third party.,1,"[(1300, 49, 84)]"
"The site collects your generic personal information for marketing purposes. Collection happens in the mobile app, and your data is identifiable. You can configure your privacy with browser settings.",1,"[(1877, 13, 88)]"
An unnamed third party does not receive your unspecified personal information for a basic service or feature. The data is personally identifiable.,1,"[(1005, 37, 82)]"
The site collects your location information for personalization or customization. Collection happens when you implicitly provide information in the mobile app.,1,"[(1283, 43, 84)]"
"The site collects your contact information for a basic service or feature. Collection happens when you implicitly provide information on the website, and your data is identifiable.",1,"[(2068, 47, 88)]"
The site collects your location information for a basic service or feature. Collection happens when you implicitly provide information in the mobile app.,1,"[(1027, 43, 82)]"
A named third party does receive your financial information for a basic service or feature.,1,"[(1340, 60, 84)]"
You can use third party privacy settings to control the use of cookies and tracking elements by an unspecified party for an unspecified purpose.,1,"[(1409, 93, 84)]"
The site collects your website activities for analytics or research. Collection happens in an unspecified way.,1,"[(990, 36, 82)]"
The site collects your generic personal information for personalization or customization. Collection happens when you implicitly provide information in an unspecified way.,1,"[(489, 12, 84)]"
The site collects your contact information for an additional (non-basic) service or feature. Collection happens by an unnamed service or third party.,1,"[(1047, 47, 82)]"
A named third party does receive your unspecified personal information for a purpose outside of our label scheme.,1,"[(1100, 56, 82)]"
The site collects your contact information for a basic service or feature. Collection happens by an unnamed service or third party.,1,"[(1052, 47, 82)]"
A named third party does receive your unspecified personal information for marketing purposes. You can opt in for data collection.,1,"[(1315, 55, 84)]"
A user's generic personal information is retained for a limited (but unspecified) period of time to maintain service operations or security.,1,"[(1203, 90, 82)]"
An unnamed third party does receive your unspecified personal information for a purpose outside of our label scheme. You can opt in for data collection.,1,"[(1079, 55, 82)]"
The site collects your website activities for an unspecified purpose. Collection happens in the mobile app.,1,"[(1041, 45, 82)]"
A named third party does receive your unspecified personal information for service operations or security.,1,"[(1344, 61, 84)]"
"The site collects your generic personal information for marketing purposes. Collection happens on the website, and your data is identifiable. You can configure your privacy with user settings provided by the site.",1,"[(1876, 13, 88)]"
You can use privacy configuration settings (in the website or app) to control the use of unspecified information by an unspecified party for marketing purposes.,1,"[(2231, 75, 88)]"
"The site collects your generic personal information for an unspecified purpose. Collection happens when you implicitly provide information by an unnamed service or third party, and your data is identifiable.",1,"[(1882, 14, 88)]"
The site collects your social media data for an unspecified purpose. Collection happens when you explicitly provide information by other websites.,1,"[(836, 25, 84)]"
An unnamed third party does receive unspecified information about you for an additional (non-basic) service or feature. You can opt in for data collection.,1,"[(2184, 62, 88)]"
A named third party does track on the first party website or app your activities on the website or app for personalization or customization.,1,"[(1272, 37, 84)]"
An unnamed third party does not collect on the first party website or app your contact information for personalization or customization.,1,"[(1274, 37, 84)]"
The site collects your computer information for an unspecified purpose. Collection happens when you implicitly provide information by an unnamed service or third party.,1,"[(853, 31, 84)]"
The site collects your generic personal information for analytics or research. Collection happens when you implicitly provide information on the website.,1,"[(1265, 34, 84)]"
An unnamed third party does do something outside of our label scheme with your location information for targeted advertising. You can opt out using the provided link.,1,"[(1020, 40, 82)]"
The site collects your IP address or device IDs for service operations or security. Collection happens when you implicitly provide information on the website.,1,"[(1945, 33, 88)]"
The site does not collect your generic personal information for an unspecified purpose. Collection happens by some means outside of our label scheme.,1,"[(829, 9, 82)]"
The site collects your location information for an unspecified purpose. Collection happens when you explicitly provide information by other websites.,1,"[(837, 25, 84)]"
An unnamed third party does collect on the first party website or app your location information for targeted advertising. You can opt out using the provided link.,1,"[(1016, 40, 82)]"
"You can opt out (via a link) from the use of generic personal information by the site, which uses it for an unspecified purpose.",1,"[(1359, 69, 84)]"
The site collects your generic personal information for an unspecified purpose. Collection happens when you implicitly provide information by an unnamed service or third party. You can opt in for data collection.,1,"[(1298, 48, 84)]"
The site collects your generic personal information for an unspecified purpose. Collection happens by an unnamed service or third party. You can opt in for data collection.,1,"[(1057, 48, 82)]"
An unnamed third party does not receive your unspecified personal information for an unspecified purpose.,1,"[(1311, 52, 84)]"
The site collects your location information for an unspecified purpose. Collection happens in the mobile app.,1,"[(1039, 45, 82)]"
The site collects your generic personal information for a basic service or feature. Collection happens when you explicitly provide information on the website.,1,"[(926, 23, 82)]"
"The site collects your generic personal information for personalization or customization. Collection happens on the website, and your data is identifiable.",1,"[(1871, 12, 88)]"
The site collects your cookies or tracking elements for analytics or research. Collection happens on the website.,1,"[(981, 34, 82)]"
"The site collects your generic personal information for an unspecified purpose. Collection happens when you implicitly provide information on the website, and your data is identifiable.",1,"[(1883, 14, 88)]"
The site collects your generic personal information for an unspecified purpose. Collection happens on the website. You can make a choice about the collection of your information.,1,"[(809, 1, 82)]"
An unnamed third party does receive your unspecified personal information for an unspecified purpose. The data is personally identifiable.,1,"[(2162, 57, 88)]"
"You can opt out (via a link) from the use of unspecified information by a third party, which uses it for an unspecified purpose.",1,"[(1375, 76, 84)]"
The site collects your contact information for analytics or research. Collection happens by an unnamed service or third party.,1,"[(1048, 47, 82)]"
The site collects your generic personal information for an unspecified purpose. Collection happens by other parts of the company or affiliates. You can make a choice about the collection of your information.,1,"[(814, 1, 82)]"
A named third party does collect on the first party website or app your activities on the website or app for an unspecified purpose.,1,"[(1413, 94, 84)]"
"You can opt out (by contacting the company) from the use of generic personal information by the site, which uses it for an unspecified purpose.",1,"[(1360, 69, 84)]"
The site collects your cookies or tracking elements for personalization or customization. Collection happens when you implicitly provide information on the website.,1,"[(1946, 34, 88)]"
You can opt out (via a link) from the use of unspecified information by an unspecified party for an additional (non-basic) service or feature.,1,"[(2234, 76, 88)]"
An unnamed third party does receive your contact information for a basic service or feature.,1,"[(1129, 66, 82)]"
The site collects your generic personal information for marketing purposes. Collection happens when you implicitly provide information on the website.,1,"[(1264, 34, 84)]"
The site collects your generic personal information for an unspecified purpose. Collection happens on the website.,1,"[(1119, 64, 82)]"
The site collects your computer information for a basic service or feature. Collection happens when you explicitly provide information in an unspecified way.,1,"[(840, 26, 84)]"
A named third party does not receive your unspecified personal information for an unspecified purpose. You can opt in for data collection.,1,"[(838, 25, 84)]"
The site collects your generic personal information for marketing purposes. Collection happens when you implicitly provide information in an unspecified way.,1,"[(491, 12, 84)]"
An unnamed third party does receive your unspecified personal information for an unspecified purpose. The data is aggregated or anonymized.,1,"[(1983, 37, 88)]"
The site collects your generic personal information for an unspecified purpose. Collection happens by an unnamed service or third party. You can configure your privacy using a method outside our label scheme.,1,"[(1060, 48, 82)]"
The site collects your demographic information for personalization or customization. Collection happens when you implicitly provide information in an unspecified way.,1,"[(1297, 47, 84)]"
A named third party does receive your unspecified personal information for targeted advertising.,1,"[(1317, 56, 84)]"
"When a change is made to the privacy policy that significantly affects data practices, users are personally notified. Users can participate in a process to influence the change.",1,"[(1819, 6, 88)]"
The site collects your cookies or tracking elements for an unspecified purpose. Collection happens when you implicitly provide information on the website.,1,"[(495, 14, 84)]"
"The site collects your cookies or tracking elements for advertising. Collection happens in an unspecified way, and your data is identifiable.",1,"[(987, 36, 82)]"
"A user can view their information, within the scope of information the company has learned about the user.",1,"[(2265, 91, 88)]"
"The site collects your website activities for an unspecified purpose. Collection happens when you implicitly provide information in the mobile app, and your data is identifiable.",1,"[(1870, 11, 88)]"
Other users does receive your activities on the website or app for an additional (non-basic) service or feature. You can opt out by contacting the company.,1,"[(1939, 30, 88)]"
The site collects your unspecified information for an additional (non-basic) service or feature. Collection happens by other parts of the company or affiliates. You can opt in for data collection.,1,"[(2188, 62, 88)]"
"The site collects your generic personal information for an unspecified purpose. Collection happens when you implicitly provide information by a named service or third party, and your data is identifiable.",1,"[(2083, 48, 88)]"
"The site collects your cookies or tracking elements for advertising. Collection happens when you implicitly provide information on the website, and your data is identifiable.",1,"[(1969, 36, 88)]"
"A type of user outside of our label scheme can edit their information, within the scope of information the company has learned about the user.",1,"[(2272, 89, 88)]"
A named third party does do something unspecified with your unspecified personal information for a basic service or feature.,1,"[(917, 19, 82)]"
You can opt out (by contacting the company) from the use of unspecified information by an unspecified party for advertising.,1,"[(2279, 93, 88)]"
A named third party does receive your unspecified personal information for analytics or research.,1,"[(1125, 64, 82)]"
An unnamed third party does receive your financial information for a basic service or feature. The data is personally identifiable. You can choose not to use the service or feature.,1,"[(2157, 60, 88)]"
Privacy practices and security measures of the first party or third party are reviewed/audited by internal or external reviewers/auditors.,1,"[(1417, 98, 84)]"
"The site collects your location information for an unspecified purpose. Collection happens when you implicitly provide information in the mobile app, and your data is identifiable.",1,"[(1869, 11, 88)]"
The site collects your social media data for an additional (non-basic) service or feature. Collection happens by an unnamed service or third party.,1,"[(1044, 46, 82)]"
A named third party does receive your user profile for an additional (non-basic) service or feature. This applies to users with accounts. You can opt in for data collection.,1,"[(1108, 58, 82)]"
The site collects an information type outside of our label scheme for a basic service or feature. Collection happens in an unspecified way.,1,"[(899, 11, 82)]"
"You can opt in for the use of generic personal information by the site, which collects it for an unspecified purpose.",1,"[(908, 14, 82)]"
The site collects your generic personal information for a basic service or feature. Collection happens when you implicitly provide information in an unspecified way.,1,"[(490, 12, 84)]"
The site collects your contact information for an additional (non-basic) service or feature. Collection happens by some means outside of our label scheme. You can opt out by contacting the company.,1,"[(944, 29, 82)]"
"The site collects your social media data for an additional (non-basic) service or feature. Collection happens when you explicitly provide information on the website, and your data is identifiable. You can opt in for data collection.",1,"[(1913, 21, 88)]"
A named third party does receive your contact information for a basic service or feature. You can opt out by contacting the company.,1,"[(1134, 66, 82)]"
An unnamed third party does track on the first party website or app your cookies or tracking elements for personalization or customization.,1,"[(982, 34, 82)]"
An unnamed third party does receive your unspecified personal information for marketing purposes.,1,"[(1077, 55, 82)]"
The site collects your generic personal information for an unspecified purpose. Collection happens in the mobile app. You can make a choice about the collection of your information.,1,"[(810, 1, 82)]"
The site collects your IP address or device IDs for an unspecified purpose. Collection happens in the mobile app.,1,"[(1040, 45, 82)]"
"When a change of an unspecified nature is made to the privacy policy, users are personally notified. Users' choices regarding policy changes are not mentioned or are unclear.",1,"[(1351, 65, 84)]"
An unnamed third party does collect on the first party website or app your activities on the website or app for an additional (non-basic) service or feature. You can opt in for data collection.,1,"[(1930, 25, 88)]"
A named third party does receive your financial information for a basic service or feature. The data is personally identifiable.,1,"[(2197, 64, 88)]"
An unnamed third party does not collect on the first party website or app your unspecified personal information for an unspecified purpose. The data is personally identifiable.,1,"[(1978, 37, 88)]"
An unnamed third party does collect on the first party website or app your location information for service operations or security.,1,"[(2047, 43, 88)]"
The site collects your social media data for a basic service or feature. Collection happens when you explicitly provide information in the mobile app.,1,"[(922, 21, 82)]"
You can use privacy configuration settings (in your browser or on your device) to control the use of unspecified information by an unspecified party for a purpose outside of our label scheme.,1,"[(904, 13, 82)]"
The site collects your demographic information for a basic service or feature. Collection happens when you implicitly provide information in an unspecified way.,1,"[(1293, 47, 84)]"
"A user can delete their account (with the company or organization removing all data), within the scope of unspecified user information.",1,"[(1388, 81, 84)]"
"You can opt out (via a link) from the use of unspecified information by a third party, which collects or receives it for an unspecified purpose.",1,"[(1384, 80, 84)]"
You can use privacy configuration settings (in the website or app) to control the use of unspecified information by an unspecified party for a purpose outside of our label scheme.,1,"[(903, 13, 82)]"
"The site collects your contact information for marketing purposes. Collection happens when you implicitly provide information on the website, and your data is identifiable.",1,"[(2072, 47, 88)]"
"The site collects something that uniquely identifies you for an unspecified purpose. Collection happens in an unspecified way, and your data is identifiable.",1,"[(898, 11, 82)]"
An unnamed third party does receive your activities on the website or app for mergers or acquisitions.,1,"[(1127, 65, 82)]"
The site collects your generic personal information for personalization or customization. Collection happens when you implicitly provide information on the website.,1,"[(1263, 34, 84)]"
An unnamed third party does receive your user profile for an additional (non-basic) service or feature. You can opt in for data collection.,1,"[(936, 25, 82)]"
"The site collects your cookies or tracking elements for marketing purposes. Collection happens in an unspecified way, and your data is identifiable.",1,"[(988, 36, 82)]"
"The site collects something that uniquely identifies you for an unspecified purpose. Collection happens on the website, and your data is identifiable.",1,"[(1863, 11, 88)]"
"The site collects your contact information for an unspecified purpose. Collection happens on the website, and your data is identifiable.",1,"[(1860, 11, 88)]"
The site collects an information type outside of our label scheme for an additional (non-basic) service or feature. Collection happens on the website. You can opt out by contacting the company.,1,"[(1938, 29, 88)]"
An unnamed third party does collect on the first party website or app your IP address or device IDs for service operations or security.,1,"[(2049, 43, 88)]"
"You can choose not to use a service or feature to avoid the use of generic personal information by the site, which uses it for an unspecified purpose.",1,"[(816, 4, 82)]"
"The site collects your website activities for marketing purposes. Collection happens when you implicitly provide information in an unspecified way, and your data is identifiable.",1,"[(1271, 36, 84)]"
"You can opt out (by contacting the company) from the use of unspecified information by the site, which uses it for marketing purposes.",1,"[(1373, 74, 84)]"
An unnamed third party does collect on the first party website or app your computer information for targeted advertising. You can opt out using the provided link.,1,"[(1015, 40, 82)]"
The site collects your location information for an additional (non-basic) service or feature. Collection happens when you implicitly provide information in the mobile app.,1,"[(1284, 43, 84)]"
"The site collects your generic personal information for marketing purposes. Collection happens on the website, and your data is identifiable.",1,"[(2110, 51, 88)]"
An unnamed third party does receive your unspecified personal information for service operations or security.,1,"[(1114, 61, 82)]"
The site collects your website activities for analytics or research. Collection happens by an unnamed service or third party.,1,"[(989, 36, 82)]"
A named third party does receive your contact information for a basic service or feature.,1,"[(1352, 66, 84)]"
An unnamed third party does receive your unspecified personal information for a basic service or feature. The data is personally identifiable.,1,"[(2211, 66, 88)]"
"The site collects your generic personal information for an additional (non-basic) service or feature. Collection happens when you explicitly provide information on the website for users with accounts, and your data is identifiable. You can choose not to use the service or feature.",1,"[(1898, 18, 88)]"
"You can choose not to use a service or feature to avoid the use of generic personal information by the site, which collects it for an unspecified purpose.",1,"[(815, 4, 82)]"
The site collects your demographic information for an unspecified purpose. Collection happens when you implicitly provide information in an unspecified way.,1,"[(847, 31, 84)]"
